{"class_map": {"valid": [{"map95": 0.3379300588495042, "map50": 0.6609955422735897, "class": "all"}]}}